{"cameraMode":{"drawMode":0,"name":"Shaded","section":"Shading Mode"},"sceneLighting":false,"audioPlay":false,"sceneViewState":{"m_AlwaysRefresh":false,"showFog":true,"showSkybox":false,"showFlares":true,"showImageEffects":true,"showParticleSystems":true,"showVisualEffectGraphs":true,"m_FxEnabled":true},"in2DMode":false,"pivot":{"x":-0.14517629146575929,"y":0.07689407467842102,"z":0.12922647595405579},"rotation":{"x":-0.024375323206186296,"y":0.7405363917350769,"z":-0.026900697499513627,"w":-0.6710324883460999},"size":0.6073950529098511,"orthographic":false}