{"cameraMode":{"drawMode":0,"name":"Shaded","section":"Shading Mode"},"sceneLighting":false,"audioPlay":false,"sceneViewState":{"m_AlwaysRefresh":false,"showFog":true,"showSkybox":false,"showFlares":true,"showImageEffects":true,"showParticleSystems":true,"showVisualEffectGraphs":true,"m_FxEnabled":true},"in2DMode":false,"pivot":{"x":-1.7759523391723633,"y":-0.07705095410346985,"z":1.7054944038391114},"rotation":{"x":-0.14289061725139619,"y":0.11168292164802551,"z":-0.016230355948209764,"w":-0.9832829833030701},"size":1.2247447967529297,"orthographic":false}